,name,details
0,"株式会社　アットライフ
代表者: 加藤　久人","〒522-0024
彦根市正法寺町４７０－１１－１０２
TEL: 0749-20-7587"
1,"株式会社　アーキ建築企画
代表者: 高山　景敏","〒520-2144
大津市大萱６丁目6番1号
TEL: 077-536-5314"
2,"有限会社　アークスホーム
代表者: 倉田　正暢","〒520-0106
大津市唐崎１丁目30-18
TEL: 077-578-1778"
3,"アース　株式会社
代表者: 谷口　清美","〒520-3242
湖南市菩提寺１７０６
TEL: 0748-74-8031"
4,"株式会社　アートホームサービス
代表者: 辻　昭朗","〒528-0005
甲賀市水口町水口6037-1
TEL: 0748-63-2525"
5,"株式会社　アーバンファミリー
代表者: 吉川　利彦","〒520-2352
野洲市冨波乙６９０－６
TEL: 077-584-4725"
6,"株式会社　Ｒｅ
代表者: 宮元　喜輝","〒526-0224
長浜市東野町１８４番地３
TEL: 0749-51-9033"
7,"ＩＩＩＯ不動産
代表者: 山本　哲夫","〒525-0023
草津市平井４丁目７－２０
TEL: 077-598-5628
Mail: iii-o@sky.plala.or.jp"
8,"アイリブ
代表者: 粕淵　昭彦","〒522-0054
彦根市西今町８５０－５７　尾本ハイツ１０２
TEL: 0749-23-0188"
9,"株式会社　アイル
代表者: 田中　政彦","〒520-3026
栗東市下鈎１１９１番地１
TEL: 077-554-3568"
10,"有限会社　赤田工務店
代表者: 赤田　晴彦","〒526-0241
長浜市三田町1313番地4
TEL: 0749-74-8320"
11,"株式会社　あかりハウジング
代表者: 髙橋　久子","〒520-0248
大津市仰木の里東６丁目８－２
TEL: 077-574-3800"
12,"有限会社　アクセス
代表者: 山内　　善仁","〒525-0034
草津市草津３丁目１３－５３
TEL: 077-563-0778"
13,"アクセス住宅センター
代表者: 宮下　周三","〒520-0042
大津市島の関６－１５　衣笠第２ビル２Ｆ
TEL: 077-510-5325"
14,"アコウ　有限会社
代表者: 辻井　正嗣","〒522-0056
彦根市開出今町１４１３－6
TEL: 0749-27-3085"
15,"Ａｓｔｎ　株式会社
代表者: 宮川　陽二","〒528-0005
甲賀市水口町水口6110-1
TEL: 0748-65-5277"
16,"ＡｚｕＭａｒｕリアルエステート　合同会社
代表者: 東　暢朗","〒520-0802
大津市馬場２丁目６番５号
TEL: 077-507-2177"
17,"株式会社　アソシエホーム
代表者: 奥田　伸之","〒526-0021
長浜市八幡中山町982
TEL: 0749-63-3123"
18,"株式会社　アソシエホーム
近江八幡店
代表者: 奥田　伸之","〒523-0031
近江八幡市堀上町１９０－１
TEL: 0748-32-2053"
19,"株式会社　アフターホーム
大津店
代表者: 川本　耕平","〒520-0514
大津市木戸213-2
TEL: 077-535-9205"
20,"荒川建設　株式会社
代表者: 上原　一行","〒520-2342
野洲市野洲９４１－１
TEL: 077-587-3900"
21,"株式会社　アローズ
代表者: 久保　龍矢","〒522-0051
彦根市中藪町６３４－４９
TEL: 0749-47-5390"
22,"有限会社　アロマエステート
代表者: 井上　和彦","〒520-0865
大津市南郷１丁目１９番１２号
TEL: 0775-34-1101"
23,"有限会社　壹心プロパティーズ
代表者: 森田　康弘","〒520-0831
大津市松原町2番12号
TEL: 077-531-2838"
24,"株式会社　イエ・サポート
代表者: 児玉　淳司","〒520-0065
大津市稲葉台8-18
TEL: 077-527-1678"
25,"株式会社　粋ホーム
代表者: 黒川　潤","〒520-2132
大津市神領１丁目９－７粋ビル1階
TEL: 077-572-6993"
26,"イクセイトラスト　株式会社
代表者: 堀谷　育央","〒527-0015
東近江市中野町６９２番地２
TEL: 0748-29-3376"
27,"有限会社　石山ハウス
代表者: 佐久間　英彦","〒520-2271
大津市稲津１丁目３－１
TEL: 077-546-0869"
28,"株式会社　ＩＮ　ＳＴＹＬＥ
代表者: 井上　健一","〒520-0024
大津市松山町７番２８－２１１号
TEL: 077-515-4849"
29,"ウィナーズホームサービス　株式会社
代表者: 勝部　寿久","〒524-0022
守山市守山４丁目13番7号南喜ビル105
TEL: 077-516-4245"
30,"株式会社　ウッディランド
代表者: 岸村　務","〒528-0058
甲賀市水口町北泉１丁目１３３
TEL: 0748-63-5990"
31,"株式会社　ウイルステージ
代表者: 大谷　洋","〒525-0045
草津市若草１丁目６－９
TEL: 077-561-7239"
32,"有限会社　上田花園
代表者: 上田　太治","〒529-1235
愛知郡愛荘町目加田2441番地２
TEL: 0749-42-2323
Mail: uk.m@violet.plala.or.jp"
33,"株式会社　ＵＮＯ
代表者: 宇野　和人","〒520-2352
野洲市冨波乙７９８番地５レガティプラザ野洲６号
TEL: 077-518-0515"
34,"株式会社　ＡＩ　ＳＹＳＴＥＭ
代表者: 山口　武志","〒522-0069
彦根市馬場２丁目6番36号フリースタイル2階
TEL: 0749-29-9030"
35,"ＡＧ債権回収　株式会社
代表者: 吾妻　弘","〒525-0037
草津市西大路町１番１号アイフルコンタクトセンター西日本３階
TEL: 077-503-0220"
36,"エールコーポレーション　株式会社
代表者: 平田　昌宏","〒525-0016
草津市北大萱町５５６－２
TEL: 077-568-3190"
37,"エイコー産業　有限会社
代表者: 吉田　兼","〒522-0027
彦根市東沼波町910
TEL: 0749-24-3538"
38,"有限会社　叡知
代表者: 大田　博貴","〒520-0016
大津市比叡平２丁目４－２
TEL: 077-529-2851"
39,"株式会社　ＨＬＣ
代表者: 川本　享世","〒520-3047
栗東市手原２丁目1-14　２階
TEL: 077-554-2222"
40,"エクセルホーム　株式会社
代表者: 石山　牧廣","〒525-0071
草津市南笠東２丁目６－２
TEL: 077-569-5550"
41,"株式会社　エコグリーン
代表者: 奥村　拓三","〒520-0242
大津市本堅田５丁目２０番１０号アル・プラザ堅田店内１階
TEL: 077-572-8755"
42,"株式会社　Ｓ－Ｈｏｍｅ
代表者: 塩澤　善之介","〒520-0001
大津市蓮池町１０番１９号
TEL: 077-572-8861"
43,"株式会社　ＥＳＬＩＮＱ
代表者: 岩野　大樹","〒525-0059
草津市野路７丁目２０番１７号
TEL: 077-599-1334"
44,"有限会社　Ｎテックジャパン
代表者: 衣笠　尚寛","〒520-2353
野洲市久野部１９８番地１アンゲネーム３号室
TEL: 077-598-1847"
45,"株式会社　えびす不動産
代表者: 森﨑　学","〒522-0033
彦根市芹川町503番地11
TEL: 0749-29-0850"
46,"有限会社　恵比寿屋
代表者: 大黒　智行","〒525-0034
草津市草津１丁目4番4号
TEL: 050-5576-9980"
47,"エミフルホーム
代表者: 斎藤　直樹","〒525-0027
草津市野村４丁目１５番５号
TEL: 077-518-6831
HP: http://emifull-home/main.jp
Mail: info@emifull-home.maim.jp"
48,"エムズホーム　株式会社
代表者: 田中　学","〒522-0010
彦根市駅東町7番地2
TEL: 0749-26-5500"
49,"エムズワークス　株式会社
代表者: 山本　義忠","〒520-3031
栗東市綣１０丁目１３番１５号
TEL: 077-552-4666"
50,"株式会社　エムハウス
代表者: 奥村　睦恵","〒524-0063
守山市欲賀町1915
TEL: 077-599-1299"
51,"株式会社　Ｍ・Ｙホーム
代表者: 山本　めぐみ","〒520-0846
大津市富士見台27番7号
TEL: 077-576-9944"
52,"株式会社　エルアイシー
代表者: 山口　俊和","〒520-2144
大津市大萱１丁目４－１５
TEL: 077-543-2868"
53,"株式会社　エルアイシー
大津店
代表者: 山口　俊和","〒520-0057
大津市御幸町1-2
TEL: 077-521-8588"
54,"株式会社　エルアイシー
草津店
代表者: 山口　俊和","〒525-0037
草津市西大路町３－１５　　　　　　イ－カムビル１Ｆ
TEL: 077-567-6200"
55,"株式会社　エルアイシー
近江八幡店
代表者: 山口　俊和","〒523-0896
近江八幡市鷹飼町北４丁目２－２　グランデイスパイン１Ｆ
TEL: 0748-31-2225"
56,"株式会社　エルアイシー
南彦根店
代表者: 山口　俊和","〒522-0043
彦根市小泉町２７１－１
TEL: 0749-27-6566"
57,"株式会社　エルアイシー
守山店
代表者: 山口　俊和","〒524-0041
守山市勝部１丁目１６－３５　守山ア－バンライフ１０４号
TEL: 077-583-5844"
58,"株式会社　エルアイシー
水口店
代表者: 山口　俊和","〒528-0033
甲賀市水口町綾野３－５２
TEL: 0748-65-6611"
59,"株式会社　エルアイシー
大津京店
代表者: 山口　俊和","〒520-0025
大津市皇子が丘３丁目１３－３４
TEL: 077-521-4488"
60,"株式会社　エルアイシー
長浜店
代表者: 山口　俊和","〒526-0037
長浜市高田町9-15長浜セントラルビル1階
TEL: 0749-64-5111"
61,"株式会社　エルアイシー
堅田店
代表者: 山口　俊和","〒520-0242
大津市本堅田４丁目16-3エルミナ堅田ビル１階
TEL: 077-574-3434"
62,"株式会社　エルアイシー
八日市店
代表者: 山口　俊和","〒527-0025
東近江市八日市東本町９－１９　エルミナ八日市ビル１Ｆ
TEL: 0748-25-1233"
63,"株式会社　エルアイシー
石山店
代表者: 山口　俊和","〒520-0832
大津市粟津町９－２３メイゾンビル　１Ｆ
TEL: 077-531-0531"
64,"株式会社　エルアイシー
瀬田店
代表者: 山口　俊和","〒520-2153
大津市一里山１丁目６－２５
TEL: 077-547-6377"
65,"株式会社　エルアイシー
南草津店
代表者: 山口　俊和","〒525-0059
草津市野路１丁目14-47
TEL: 077-566-2555"
66,"株式会社　エルアイシー
彦根店
代表者: 山口　俊和","〒522-0074
彦根市大東町２番４１号エルミナ彦根ビル１階
TEL: 0749-26-7688"
67,"株式会社　エルアイシー
草津支店
代表者: 山口　俊和","〒525-0032
草津市大路２丁目１１－7
TEL: 077-558-5888"
68,"株式会社　エルアイシー
賃貸管理部大津営業所
代表者: 山口　俊和","〒520-2144
大津市大萱１丁目4-15
TEL: 077-544-4051"
69,"株式会社　ＯＶＯ
代表者: 岡田　卓也","〒520-2362
野洲市市三宅2484
TEL: 077-588-5333"
70,"株式会社　オーエムテクノ
代表者: 植村　義和","〒523-0001
近江八幡市金剛寺町２９１
TEL: 0748-38-5225"
71,"淡海エステート
代表者: 市原　邦男","〒525-0027
草津市野村６丁目１５番２０号
TEL: 077-576-0704"
72,"オウミ住宅　株式会社
代表者: 奥本　秀樹","〒525-0028
草津市上笠４丁目２－２５
TEL: 0775-62-7891"
73,"オウミ住宅　株式会社
草津住宅展示場
代表者: 奥本　秀樹","〒525-0066
草津市矢橋町２４３－４
TEL: 077-563-6991"
74,"大倉開発　株式会社
代表者: 井上　敏夫","〒520-2144
大津市大萱１丁目３－１８
TEL: 077-543-3939"
75,"オオツホーム　有限会社
代表者: 大津　健次","〒529-1655
蒲生郡日野町大字石原字芳ケ谷２－９９
TEL: 0748-52-4400"
76,"有限会社　大森大工
代表者: 山下　学","〒526-0102
長浜市落合町640-2
TEL: 0749-72-3908"
77,"岡村事務所
代表者: 岡村　章弘","〒520-0101
大津市雄琴５丁目１０－１－Ｅ棟
TEL: 077-578-6720"
78,"株式会社　オフィス笑夢
代表者: 三浦　晃","〒520-2331
野洲市小篠原１９７４－２
TEL: 077-518-0413"
79,"オフィスムラタ
代表者: 村田　真人","〒524-0052
守山市大門町３２６－３
TEL: 077-583-9892
Mail: makotohi@mx.biwa.ne.jp"
80,"株式会社　オフィスワイズ
代表者: 矢野　琢児","〒525-0036
草津市草津町１５１４－１－１０４
TEL: 077-569-0288"
81,"株式会社　開成住宅
代表者: 塚本　清次","〒520-3015
栗東市安養寺１丁目１２－２　シルクル－ム６番館２０４
TEL: 077-554-3601
HP: https://kaisei-yuuyuu.jp/"
82,"株式会社　カインドサービス
代表者: 赤尾　剛","〒525-0050
草津市南草津３丁目１－１５
TEL: 077-565-9020"
83,"株式会社　楓住建
代表者: 山下　善裕","〒520-2362
野洲市市三宅２３７９番地１
TEL: 077-588-1811
HP: http://www.kaedejuuken.com/
Mail: kaede0202@iris.eonet.ne.jp"
84,"株式会社　カキノキ住宅
代表者: 柿木　幸雄","〒525-0072
草津市笠山３丁目２－２４
TEL: 077-564-2792"
85,"佳桜不動産
代表者: 谷　佳珠枝","〒520-0113
大津市坂本７丁目７番３５号
TEL: 077-532-8537"
86,"株式会社　かねこ工務店
代表者: 金子　正動","〒526-0252
長浜市八島町６５２
TEL: 0749-74-0129"
87,"株式会社　Ｃｏｍｅ　Ａｌｉｖｅ
代表者: 長澤　真一郎","〒525-0037
草津市西大路町9-7ウエストビレッジ101号
TEL: 077-518-0077"
88,"賀陽住研　株式会社
滋賀事務所
代表者: 張本　博己","〒520-3013
栗東市目川465番地5
TEL: 077-575-7289"
89,"からさき住宅
代表者: 岡村　泰典","〒520-0112
大津市日吉台３丁目２９－１４
TEL: 077-579-3519"
90,"株式会社　カワシマ
代表者: 川島　春守","〒520-0024
大津市松山町１１番２０号
TEL: 0775-25-5500"
91,"川電不動産滋賀
代表者: 土田　昌浩","〒522-0201
彦根市高宮町９３－３
TEL: 0749-23-6710"
92,"川畑不動産　合同会社
代表者: 川畑　等","〒525-0033
草津市東草津２丁目1番41号ビル東宏1Ｆ－4号
TEL: 077-565-0544"
93,"川端不動産企画
代表者: 川端　壽","〒520-2342
野洲市野洲９０８－２
TEL: 0775-86-5677"
94,"有限会社　関西情報蔵
代表者: 馬場　省二","〒520-0232
大津市真野２丁目６－３１
TEL: 077-574-1451"
95,"関西ホープ住宅　株式会社
代表者: 横山　晴人","〒520-3234
湖南市中央５丁目45番地
TEL: 0748-60-8686"
96,"株式会社　蒲生ハウジング
代表者: 岡根　克彦","〒529-1531
東近江市市子川原町７１６－６６
TEL: 0748-55-1423
HP: http(s)://gamou1423.com/
Mail: gamou1423@icloud.com"
97,"株式会社　協栄ホーム
滋賀営業所
代表者: 久保西　勇治","〒520-0105
大津市下阪本５丁目８－１８
TEL: 077-548-8600"
98,"共和土地建物　株式会社
代表者: 藤川 博己","〒520-0002
大津市際川２丁目４番２０号
TEL: 0775-22-5958"
99,"株式会社　北村
代表者: 中川　俊和","〒522-0041
彦根市平田町421番地
TEL: 0749-24-4155"
100,"株式会社　北山住宅販売
滋賀支店
代表者: 北山　忠雄","〒520-0113
大津市坂本７丁目２８－３ユニヴェール110号室
TEL: 077-578-7017"
101,"有限会社　京北開発
代表者: 藤庭　利一","〒520-0043
大津市中央２丁目4番28号錦ビル204号
TEL: 0775-24-2783"
102,"合同会社　きりんホーム
代表者: 吉川　眞司","〒522-0086
彦根市後三条町３７３－７
TEL: 0749-22-0150"
103,"株式会社　キンキホーム
代表者: 上田　典史","〒520-0802
大津市馬場２丁目10番21号
TEL: 077-526-1744"
104,"株式会社　キンキホーム
草津駅前センター
代表者: 上田　典史","〒525-0037
草津市西大路町2-33ロン.・ラヴｲ－ヌ　A号室
TEL: 077-565-7711"
105,"株式会社　キンキホーム
瀬田センター
代表者: 上田　典史","〒520-2153
大津市一里山２丁目18番13号　1階
TEL: 077-543-8811"
106,"株式会社　キンキホーム
堅田駅前センター
代表者: 上田　典史","〒520-0242
大津市本堅田４丁目１５－３
TEL: 077-571-1115"
107,"クエスト不動産経営管理　株式会社
代表者: 石光　良次","〒520-2153
大津市一里山２丁目２－５山中テナント１階
TEL: 077-547-1300"
108,"有限会社　国枝興産
代表者: 長野　光国","〒520-0106
大津市唐崎１丁目２３－１９
TEL: 077-578-3779"
109,"株式会社　クラシックホーム
代表者: 城田　明彦","〒525-0058
草津市野路東６丁目3番1号Sam2-201
TEL: 077-596-3084
Mail: classichome117@gmail.com"
110,"クリエイトライフ　株式会社
代表者: 小寺　庄一郎","〒525-0067
草津市新浜町８４番地７
TEL: 077-565-8988"
111,"くろうば住宅産業
代表者: 長尾　東吉郎","〒529-1661
蒲生郡日野町大字安部居591
TEL: 0748-43-0760"
112,"株式会社　グラシアスホーム
代表者: 濱野　能三","〒525-0065
草津市橋岡町226番地8
TEL: 077-599-5576"
113,"株式会社　グリーンプランテック
大津堅田店
代表者: 小西　豪","〒520-0241
大津市今堅田２丁目８－２８
TEL: 077-500-3041"
114,"株式会社　ＫＳ・レジデンシャル
代表者: 藤居　和美","〒525-0032
草津市大路２丁目２番２７ー１８０３号
TEL: 077-532-3280
HP: https://www.pitat.com/shopDetail/omihachiman.html
Mail: info@pitat-oumi8man.com"
115,"建設業まるごと応援団　合同会社
代表者: 林　秀樹","〒525-0033
草津市東草津１丁目6番6号
TEL: 077-535-5386"
116,"株式会社　建築工房ＴＡＫＥ
代表者: 武久　博昭","〒520-3247
湖南市菩提寺東２丁目３－２
TEL: 0748-74-9180"
117,"株式会社　ゲットリッチ
代表者: 西川　淳司","〒520-2134
大津市瀬田３丁目１１番１３号
TEL: 077-509-7899"
118,"合同会社　ＣＯ－ＳＥＩ
代表者: 谷　崇","〒525-0033
草津市東草津２丁目４番１１－１０
TEL: 077-532-1328"
119,"有限会社　コーナン住宅
代表者: 森川　比呂志","〒523-0056
近江八幡市古川町1580番10
TEL: 0748-30-9027"
120,"株式会社　髙栄産業
代表者: 北井　博","〒520-0835
大津市別保２丁目８番３５号
TEL: 0775-34-1754"
121,"株式会社　高栄ホーム
代表者: 北井　博","〒520-0835
大津市別保２丁目８番３５号
TEL: 0775-34-1755"
122,"株式会社　孝徳
代表者: 青木　博","〒520-2323
野洲市三上１１３８番地
TEL: 077-587-3644
HP: http://www.eonet.ne.jp/~koutokufudousan/
Mail: kootoku@hera.eonet.ne.jp"
123,"株式会社　興和コーポレーション
滋賀支店
代表者: 長谷川　欽也","〒525-0056
草津市南笠東３丁目１５－５
TEL: 077-562-7000"
124,"株式会社　湖都コーポレーション
代表者: 冨岡　昌文","〒520-2333
野洲市栄５－５
TEL: 077-587-2647"
125,"株式会社　コロナ
代表者: 藤田　由美子","〒520-2361
野洲市北野１丁目4番11号
TEL: 077-576-8215"
126,"株式会社　ＣＯＭＰＡＳＳ
代表者: 西田　和孝","〒527-0023
東近江市八日市緑町９－２７
TEL: 0748-25-0322
HP: http://minimini-higashiomi.com/
Mail: info@minimini-higashiomi.com"
127,"サーガス土地販売　株式会社
代表者: 青山　健太郎","〒525-0036
草津市草津町１６６０－２
TEL: 077-562-8566
HP: http://www.sa-gasu.com/
Mail: info@sa-gasu.com"
128,"株式会社　彩住宅
代表者: 鳥居　哲也","〒520-0065
大津市稲葉台１７－６
TEL: 077-521-8886"
129,"合資会社　サイセイ
代表者: 鍛治本　直子","〒523-0031
近江八幡市堀上町１８９－６
TEL: 0748-32-0384
HP: www.0384saisei.com
Mail: estate-saisei@themis.ocn.ne.jp"
130,"サカグチ企画
代表者: 坂口　建司","〒520-2316
野洲市上屋１４３－１
TEL: 077-586-8737"
131,"株式会社　ｓｕｎｎｙ　ｐｌａｃｅ
代表者: 松吉　俊明","〒520-0114
大津市穴太２丁目２１－２６
TEL: 077-572-6591"
132,"サポートライフ
代表者: 吉田　弘之","〒520-0052
大津市朝日が丘１丁目４－３９　　　梅田ビル１階
TEL: 077-510-5568
HP: http://www.zennichi.net/m/support-life/
Mail: support.life.510-5568@w2.dion.ne.jp"
133,"山栄不動産
代表者: 山口　勝甲","〒520-0026
大津市桜野町２丁目１０－７
TEL: 077-524-6800"
134,"有限会社　三王都市開発
代表者: 藤田　修治","〒525-0034
草津市草津３丁目１４番４５号
TEL: 077-566-3017"
135,"三王トラスト不動産　株式会社
代表者: 宇野　正倫","〒525-0054
草津市東矢倉４丁目２－２
TEL: 077-563-3055"
136,"株式会社　三王不動産流通
代表者: 河本　善秀","〒520-0022
大津市柳が崎5番25号
TEL: 077-525-3733"
137,"株式会社　山協
代表者: 武元　港","〒525-0036
草津市草津町１４５８番地１
TEL: 077-563-5413"
138,"株式会社　三協ハウジング
代表者: 鶴田　美幸","〒529-1314
愛知郡愛荘町中宿１４
TEL: 0749-42-8166"
139,"有限会社　三条コーポレーション
代表者: 文平　三郎","〒520-0042
大津市島の関７－１３－２０２　レジデンスビル２Ｆ
TEL: 077-524-3288"
140,"サン建物　株式会社
代表者: 嶋本　勝浩","〒520-3426
甲賀市甲賀町田堵野８０４
TEL: 0748-88-2225"
141,"参宝不動産
代表者: 竹ノ本　満也","〒520-0853
大津市螢谷４番５１－１４０１アメニティ石山寺リバープレミア
TEL: 077-533-2546"
142,"株式会社　サンワ
代表者: 山田　和弘","〒520-0043
大津市中央４丁目5番45－1302号
TEL: 077-548-8140"
143,"シューハウス
代表者: 大辻　昌廣","〒525-0054
草津市東矢倉２丁目19-6
TEL: 077-569-5037"
144,"小路銘木店
代表者: 小路　定雄","〒522-0223
彦根市川瀬馬場町２６９－１４
TEL: 0749-28-1123"
145,"滋賀開発　株式会社
代表者: 鈴木　剛志","〒525-0032
草津市大路１丁目１８番２７号
TEL: 077-564-5027"
146,"株式会社　滋賀総合開発
代表者: 尾﨑　則仁","〒525-0066
草津市矢橋町394
TEL: 077-564-3456"
147,"滋賀土地建物情報センター　株式会社
代表者: 加納　久平","〒522-0075
彦根市佐和町６－１１
TEL: 0749-22-6001"
148,"滋賀不動産管理　株式会社
代表者: 石澤　正義","〒525-0059
草津市野路５丁目１２番１３号
TEL: 077-562-1122"
149,"株式会社　滋賀不動産情報センター
代表者: 市村　啓太","〒524-0037
守山市梅田町２番１号セルバ守山　２０６号室
TEL: 077-583-2935"
150,"株式会社　白畑建設
代表者: 白畑　亜矢子","〒525-0048
草津市追分南３丁目2-36
TEL: 077-563-1359"
151,"しんこう地所
代表者: 沖口　清春","〒528-0029
甲賀市水口町南林口１９番地２
TEL: 0748-62-0350
Mail: info@shinkou-j.com"
152,"信都市開発　株式会社
代表者: 近藤　新一","〒520-0835
大津市別保３丁目３－５０
TEL: 077-531-0002"
153,"株式会社　ジェイ・エス・ビー・ネットワーク
滋賀南草津店
代表者: 今井　寛","〒525-0059
草津市野路１丁目７－２１リベリー南草津１０４号
TEL: 077-569-2155"
154,"ジャパンハウス　株式会社
代表者: 川島　保之","〒520-2134
大津市瀬田３丁目１５番５号
TEL: 0775-44-3211
HP: https://japan-h.jimdofree.com"
155,"ジューク不動産　株式会社
代表者: 徳留　直樹","〒522-0043
彦根市小泉町300-9彦根サンロ－ド　Ⅱ304
TEL: 0749-30-9019"
156,"有限会社　Ｓｗｅｅｔ
代表者: 國友　祐樹","〒520-0001
大津市蓮池町8番19号
TEL: 077-510-1616"
157,"スターデンホーム　株式会社
代表者: 蓮池　道誠","〒522-0041
彦根市平田町816番地16Dea Staden 慶1階
TEL: 0749-27-0272
Mail: info@staden-home.co.jp"
158,"株式会社　ｓｔｙｌｅ
代表者: 粂田　守","〒525-0032
草津市大路２丁目1番3号styleﾋﾞﾙ1Ｆ
TEL: 077-516-2877"
159,"株式会社　スペース工房
代表者: 要石　邦之","〒520-3017
栗東市六地蔵460-25
TEL: 077-554-0810"
160,"株式会社　スマートライフ
代表者: 細川　量博","〒520-0242
大津市本堅田５丁目21-4竹田ビル2階
TEL: 077-535-9084"
161,"株式会社　住まいステーション
代表者: 井上　智","〒520-2144
大津市大萱５丁目34番1号1階
TEL: 077-544-7830"
162,"株式会社住いの情報センターダイエーホーム
代表者: 岡田　徹","〒520-2144
大津市大萱１丁目１５番６号
TEL: 0775-45-9825"
163,"株式会社　住まいの創造館バンブーアイランド
代表者: 竹島　将博","〒520-0242
大津市本堅田６丁目３２－１３
TEL: 077-573-6565"
164,"スマイル　株式会社
代表者: 福田　美砂子","〒522-0239
彦根市宇尾町897-4
TEL: 0749-47-6745
HP: https://www.smile-shiga.com/
Mail: info@smile-shiga.com"
165,"株式会社　住まいるホーム
代表者: 東原　成一","〒520-3322
甲賀市甲南町深川１４６０－４１
TEL: 0748-86-1308
HP: http://www.sumairuhome.com/
Mail: stytr003@ybb.ne.jp"
166,"株式会社　ＳＥＩ
代表者: 成田　耆俊","〒527-0015
東近江市中野町６９２番地２
TEL: 0748-23-7077"
167,"株式会社　セイク
代表者: 清本　尚賢","〒520-0105
大津市下阪本６丁目24番23号
TEL: 077-526-7517
HP: http://sake-shiga.com
Mail: info@sake-shiga.com"
168,"株式会社　青春カンパニー
代表者: 日夏　健二","〒522-0043
彦根市小泉町676-5アーバンビル2Ｆ
TEL: 0749-49-2885"
169,"株式会社　盛匠
代表者: 中島　盛夫","〒520-3031
栗東市綣５丁目4番21号パームコート１０２号
TEL: 077-535-0306"
170,"株式会社　世和
代表者: 柳　鉉晃","〒520-0861
大津市石山寺１丁目２番１５号
TEL: 077-533-4445"
171,"株式会社　青和住建
代表者: 青木　威治","〒525-0054
草津市東矢倉２丁目３５番３号
TEL: 0775-65-4858"
172,"株式会社　セレーノライフ
代表者: 田井　改周","〒520-0863
大津市千町１丁目２２番１３号
TEL: 077-535-0975"
173,"株式会社　ゼスト
代表者: 小林　玄良","〒520-0113
大津市坂本７丁目30-77
TEL: 077-578-6606"
174,"Ｚｅｒｏ不動産販売
代表者: 乾　晋吾","〒520-2141
大津市大江１丁目７番１９号
TEL: 077-575-7876"
175,"総合企画　株式会社
代表者: 小谷　章","〒520-0241
大津市今堅田２丁目８－２
TEL: 077-571-2355"
176,"株式会社　相続専門オフィス
代表者: 川村　啓輔","〒520-0051
大津市梅林１丁目4番1号
TEL: 077-522-0120"
177,"株式会社　想武
代表者: 奥　文宏","〒524-0022
守山市守山６丁目８－９
TEL: 077-583-3331"
178,"株式会社　想武
代表者: 永渕　和光","〒527-0017
東近江市昭和町２番１９号
TEL: 0748-22-0736"
179,"株式会社　ソレイユ
代表者: 山本　孝幸","〒520-2144
大津市大萱１丁目17-30-303
TEL: 077-572-5675"
180,"大賀産業　株式会社
代表者: 青池　光子","〒521-1222
東近江市佐野町４３８番地の１２
TEL: 0748-42-3150
HP: http://www.taigasangyo.com/
Mail: taiga@taigasangyo.com"
181,"太陽ハウジング　株式会社
代表者: 濱野　敏子","〒520-0818
大津市西の庄19番10号
TEL: 077-536-5525"
182,"有限会社　たかやまリクレイム
代表者: 髙山　修史","〒520-0016
大津市比叡平３丁目４４番１０号
TEL: 077-532-9188"
183,"株式会社　タカラ不動産
代表者: 足立　卓朗","〒520-3031
栗東市綣３丁目９－１８
TEL: 077-552-5505"
184,"有限会社　宅壱堂
代表者: 中島　隆人","〒525-0059
草津市野路８丁目１９番１５号パレット・パーク南草津
TEL: 077-516-2900"
185,"有限会社　タクマ産業
代表者: 河村　匠哉","〒524-0022
守山市守山２丁目１６番３８－２０３号
TEL: 0775-82-0545"
186,"株式会社　匠工房
代表者: 関　孝治","〒520-2423
野洲市西河原1丁目2227番地
TEL: 077-589-4627"
187,"株式会社　匠工房
湖西店
代表者: 関　孝治","〒520-0232
大津市真野２丁目２９－１
TEL: 077-571-1577"
188,"株式会社　匠工房
草津栗東店
代表者: 関　孝治","〒520-3024
栗東市小柿５丁目１３番５号
TEL: 077-584-5666"
189,"株式会社　匠工房
水口店
代表者: 関　孝治","〒528-0036
甲賀市水口町東名坂１１７
TEL: 0748-65-1300"
190,"株式会社　匠工房
湖東湖北店
代表者: 関　孝治","〒522-0041
彦根市平田町４３８番１０
TEL: 0749-47-6870"
191,"合同会社　宅三屋不動産
代表者: 三宅　正治","〒520-0861
大津市石山寺２丁目１３－７石山ハイツ205号
TEL: 077-535-4040"
192,"株式会社　たぬきホーム
代表者: 長尾　一志","〒523-0041
近江八幡市中小森町３２７番地７レイクランドビル１階
TEL: 0748-36-2908"
193,"株式会社　タマキトラストブレイン
代表者: 川越　孝司","〒520-0812
大津市木下町１８－８
TEL: 077-521-7000"
194,"株式会社　第一不動産
代表者: 岡田　敏","〒522-0074
彦根市大東町４－１７　　　　　　　エルシテイ彦根
TEL: 0749-23-2221
HP: http://www.eonet.ne.jp/~daiichifudousan/
Mail: daiichi@bell.ocn.ne.jp"
195,"株式会社　ＤＡＩＳＨＩＮ
代表者: 平山　尊仁","〒520-0801
大津市におの浜３丁目３番３号ヨシノビル３－E
TEL: 077-527-0085"
196,"蝶燿商事　株式会社
代表者: 白井　幸則","〒525-0016
草津市北大萱町556-2
TEL: 077-568-2131"
197,"地界計画　株式会社
代表者: 西川　かつ美","〒520-2141
大津市大江２丁目２８番２０号
TEL: 077-545-5595"
198,"智財地所　株式会社
代表者: 加藤　明久","〒521-0072
米原市顔戸１４２３－１１
TEL: 0749-53-3891"
199,"辻不動産
代表者: 辻　美津子","〒522-0064
彦根市本町２丁目３番１６号
TEL: 0749-21-2902"
200,"ツジモクリエイト　株式会社
代表者: 辻本　由佳","〒520-3041
栗東市出庭629番地
TEL: 077-575-5450"
201,"株式会社　ティーズオフィス
代表者: 寺田　健太","〒525-0066
草津市矢橋町２４３番地８３
TEL: 077-598-6416"
202,"株式会社　ティフリ
代表者: 鳥居　良和","〒520-0806
大津市打出浜12番28号
TEL: 0775-27-5081"
203,"株式会社　テック・ワークス
代表者: 田邉　光一","〒528-0042
甲賀市水口町虫生野中央４３
TEL: 0748-63-6055"
204,"Ｄ－ｗｏｒｋｓ　株式会社
代表者: 山下　大輔","〒520-2142
大津市玉野浦４番６９号
TEL: 077-575-4966"
205,"株式会社　Ｄ－Ｖｉｓｉｏｎ不動産
代表者: 北川　祐輔","〒526-0031
長浜市八幡東町１９３ワイエフビル２６　２階
TEL: 0749-53-4456"
206,"トータルサービスイワキ
代表者: 岩城　知義","〒525-0045
草津市若草７丁目5-9
TEL: 077-565-1906"
207,"株式会社　トータルプランニング
代表者: 服部　正二","〒520-2134
大津市瀬田３丁目11番１３号
TEL: 077-548-7733"
208,"東建コーポレーション　株式会社
守山店
代表者: 左右田　稔","〒524-0045
守山市金森町８５０　サン・クレ－ルⅢ
TEL: 077-514-1515"
209,"東建コーポレーション　株式会社
彦根店
代表者: 左右田　稔","〒522-0201
彦根市高宮町２０４４－１
TEL: 0749-21-0760"
210,"東建コーポレーション　株式会社
ホームメイト水口店
代表者: 左右田　稔","〒528-0037
甲賀市水口町本綾野５５０－５　　　神開ビル　１Ｆ
TEL: 0748-65-0300"
211,"東建コーポレーション　株式会社
草津店
代表者: 左右田　稔","〒525-0067
草津市新浜町365番地1Bonnard Diacort 新浜1F
TEL: 077-561-0200"
212,"東建ハウス　株式会社
代表者: 込山　重浩","〒527-0051
東近江市林田町1248番1
TEL: 0748-25-1231"
213,"東洋住建　株式会社
代表者: 松岡　裕子","〒520-0523
大津市和邇南浜２９－１エムズガーデン１Ｂ
TEL: 077-594-2222"
214,"株式会社　東洋ハウジング
代表者: 居田　健二","〒520-3254
湖南市岩根中央２丁目１９番地
TEL: 0748-72-8561"
215,"ＴＯＤＯＫＥＲＵ　株式会社
代表者: 斉藤　武士","〒526-0015
長浜市神照町３９７－６モクメハイツ１０１号室
TEL: 0749-57-6157"
216,"有限会社　トムコス
彦根支店
代表者: 橋村　真澄","〒522-0022
彦根市里根町５５－１６家電住まいる館ＹＡＭＡＤＡ彦根店２階
TEL: 0749-47-6315"
217,"株式会社　トラストエージェント
代表者: 臼井　大典","〒522-0066
彦根市栄町２丁目6番65号
TEL: 0749-26-2103"
218,"株式会社　ナガオカ
代表者: 長岡　範行","〒529-1421
東近江市五個荘竜田町７０７－１
TEL: 0748-48-6215"
219,"株式会社　ニッケイ不動産
代表者: 田中　善弘","〒523-0062
近江八幡市丸の内町２番地４２
TEL: 0748-36-3439"
220,"株式会社　日建
代表者: 高橋　武宏","〒524-0031
守山市立入町４７５－２
TEL: 077-583-7400"
221,"有限会社　日建総合管理室
代表者: 中嶋　裕典","〒520-3031
栗東市綣１丁目１１－１８　ル・マノワ－ル１００
TEL: 077-552-8101"
222,"ニッショク　株式会社
代表者: 南　良治","〒520-2264
大津市大石東７丁目１－２１
TEL: 077-546-1071"
223,"一般社団法人　日本アースマイル
代表者: 本郷　智也","〒525-0058
草津市野路東６丁目3番4号ブレジオ3、707号室
TEL: 050-3816-8200"
224,"日本住宅流通　株式会社
滋賀店
代表者: 山﨑　考平","〒525-0055
草津市野路町１－８－２３　　　　　Ｉ．Ｏ．Ｒビル１階
TEL: 077-569-5596"
225,"株式会社　日本不動産パートナーズ
代表者: 青木　晋市","〒525-0066
草津市矢橋町2070番地1
TEL: 077-566-3829"
226,"株式会社　日本プロパティシステムズ
代表者: 森田　康弘","〒520-0042
大津市島の関１－１０　中央団地１Ｆ
TEL: 077-511-5281"
227,"株式会社　日本プロパティシステムズ
テナント情報館
代表者: 森田　康弘","〒525-0055
草津市野路町４５６－６
TEL: 077-561-3050"
228,"日本リーシング不動産　株式会社
代表者: 若杉　龍志","〒520-0113
大津市坂本７丁目２３－２３
TEL: 077-532-7224"
229,"株式会社　ネオ・ストーリー
代表者: 坂口　勝哉","〒523-0041
近江八幡市中小森町３２７番地７－２０１
TEL: 0748-32-6666"
230,"株式会社　ＮＥＸＵＳ
代表者: 田村　秀史","〒520-2131
大津市三大寺３番３号
TEL: 077-548-8300"
231,"株式会社　Ｎｅｘｕｓ　Ｐｌｕｓ
代表者: 宮川　源行","〒521-0062
米原市宇賀野２番地７
TEL: 0749-51-9106"
232,"株式会社　ネクスト
代表者: 辻　由夫","〒525-0050
草津市南草津２丁目２－４－１０　ベ－ネ南草津１Ｆ
TEL: 077-566-0101"
233,"株式会社　ＮＥＸＴ
代表者: 林　香","〒524-0215
守山市幸津川町1520番地
TEL: 077-585-2244"
234,"ねこのめ不動産　株式会社
代表者: 北脇　真由美","〒524-0022
守山市守山３丁目１６番３号
TEL: 077-581-1761"
235,"有限会社　ハウジングホーム竜王
代表者: 中山　昌博","〒520-2542
蒲生郡竜王町大字山中９２３－９７
TEL: 0748-58-2255"
236,"株式会社　ハウススマイリー
代表者: 太田　佑介","〒520-0242
大津市本堅田３丁目２１番１４号
TEL: 077-572-7667"
237,"株式会社　ハウスパートナー
代表者: 植木　光成","〒525-0027
草津市野村８丁目８－１３
TEL: 077-567-8777"
238,"Ｈｏｕｓｅ　４Ｕ
代表者: 宇野　信","〒520-0024
大津市松山町6-30FLAPﾋﾞﾙ202
TEL: 077-599-4463"
239,"株式会社　ハウスＬＡＢＯ
代表者: 北野　和久","〒524-0037
守山市梅田町８番４号
TEL: 077-598-1163"
240,"株式会社　ハワード
代表者: 山本　正","〒525-0058
草津市野路東４丁目18-4サンリッチミユキ　101
TEL: 0775-65-2277"
241,"株式会社　ハンズ・コーポレーション
代表者: 河邊　治男","〒524-0101
守山市今浜町2620番99-329号
TEL: 077-599-0088"
242,"株式会社　パブリックホーム
代表者: 桑野　公嗣","〒520-3045
栗東市高野385番地
TEL: 077-599-3911
Mail: public@public-home.co.jp"
243,"株式会社　比叡山
代表者: 文平　龍太","〒520-0043
大津市中央２丁目５番１３号
TEL: 0775-25-5570"
244,"株式会社　平塚土地開発
代表者: 平塚　成志","〒522-0044
彦根市西今町４３９－１
TEL: 0749-30-3838
HP: http://www.jungle.or.jp/hirakai/
Mail: hiratokai@jungle.or.jp"
245,"有限会社　ビルド・アップ
代表者: 林田　雄一郎","〒520-0011
大津市南志賀１丁目１７－１８
TEL: 077-527-3155"
246,"琵琶湖興産　株式会社
代表者: 世古　修","〒520-0803
大津市竜が丘１３－１１
TEL: 0775-25-6660
HP: biwako-k.com/
Mail: biwako-k@d2.dion.ne.jp"
247,"びわこテックコーポレーション　株式会社
代表者: 上田　裕康","〒528-0035
甲賀市水口町名坂１３２番地
TEL: 0748-63-2924"
248,"びわこホーム　株式会社
代表者: 上田　裕康","〒528-0035
甲賀市水口町名坂１０３３－７
TEL: 0748-65-4144"
249,"株式会社　びわこホーム
代表者: 上田　裕康","〒528-0035
甲賀市水口町名坂１０３３－７
TEL: 0748-63-2506"
250,"ピアハウス
代表者: 若杉　富士雄","〒520-0113
大津市坂本１丁目４番２７号
TEL: 0775-78-8021"
251,"株式会社　ファースト住宅サービス
代表者: 岡田　　賢","〒522-0074
彦根市平田町２４３番１
TEL: 0749-22-5577
HP: firast-js.co.jp
Mail: first@first-js.co.jp"
252,"ファーストホーム
代表者: 三原　道郎","〒525-0028
草津市上笠２丁目６－１６
TEL: 077-566-7321"
253,"株式会社　ファインディライト
代表者: 佐藤　正一","〒525-0059
草津市野路１丁目4番15号
TEL: 077-569-1410"
254,"ファインドホーム
代表者: 山本　康晴","〒520-0802
大津市馬場１丁目４－１８
TEL: 077-521-8831"
255,"株式会社　フォレスト
代表者: 森　繁樹","〒523-0012
近江八幡市武佐町491番1
TEL: 0748-47-3320"
256,"株式会社　フレンドハウス
代表者: 澤渡　景一","〒522-0043
彦根市小泉町１０６－９　阪東ビル
TEL: 0749-21-4555"
257,"株式会社　フレンドハウス
長浜店
代表者: 澤渡　景一","〒526-0054
長浜市大宮町８－１５アベリア１AB
TEL: 0749-53-3208"
258,"株式会社　フロンティアホーム
代表者: 小島　純一郎","〒520-0241
大津市今堅田２丁目９番２４号
TEL: 077-574-5588"
259,"株式会社　フロンティア不動産販売
大津店
代表者: 片山　貴博","〒520-0064
大津市追分町１６－１２ザ・ハーツレジデンシア追分町１０４号
TEL: 077-525-2211"
260,"株式会社　ブレインズ
代表者: 服部　久敬","〒520-0854
大津市鳥居川町４－１８
TEL: 077-533-5566"
261,"株式会社　プラス・プレミアム
滋賀支店
代表者: 山城　英雄","〒520-2141
大津市大江２丁目１７－３０アイビーハイツ２階
TEL: 077-569-6699"
262,"株式会社ＰＬＵＳ１不動産販売
代表者: 大垣　公","〒520-2144
大津市大萱３丁目６番３０号レイクランド８８A号室
TEL: 077-599-4089"
263,"株式会社　プレイス
代表者: 髙木　益実","〒521-1221
東近江市垣見町534-6
TEL: 0748-43-6001"
264,"プレシャス・フィールド不動産　株式会社
代表者: 平岩　茂人","〒527-0026
東近江市八日市野々宮町290番地1
TEL: 0748-25-2222"
265,"株式会社　プロデュース
代表者: 阪下　雅彦","〒524-0033
守山市浮気町337番地8-101号
TEL: 077-574-8777"
266,"プロパゲート近江　株式会社
代表者: 梅木　哲人","〒522-0053
彦根市大藪町13-6ｴﾝｾﾞﾙﾌﾟﾗｻﾞ3階
TEL: 0749-27-0020"
267,"株式会社　ベストハウス
代表者: 伊藤　靖","〒520-3016
栗東市小野１００７－３
TEL: 077-552-6955"
268,"ベストハウスネクスト　株式会社
代表者: 吉本　智","〒520-3016
栗東市小野１００７番地３
TEL: 077-552-6955"
269,"有限会社　ベター・ライフ
代表者: 武村　勝広","〒520-0051
大津市梅林１丁目15番31号BETTER　LIFEﾋﾞﾙ3階
TEL: 077-510-0220"
270,"有限会社　ベリーホーム
代表者: 古田　重彦","〒520-2153
大津市一里山１丁目４－１　グランド－ル一里山１０８号
TEL: 077-547-5888"
271,"豊夢
代表者: 豊見山　貴博","〒520-0861
大津市石山寺３丁目１８－１２－１０２
TEL: 077-531-2151"
272,"株式会社　ホームショップ堅田
代表者: 小島　純一郎","〒520-0241
大津市今堅田２丁目９番２４号
TEL: 0775-73-5597"
273,"ホウセツ　株式会社
代表者: 田村　芳宏","〒522-0053
彦根市大藪町2410番地5
TEL: 0749-24-4818"
274,"有限会社　ホクト開発
代表者: 平居　慎一","〒522-0052
彦根市長曽根南町４５９－１６
TEL: 0749-27-3458
HP: www.hokutokaihatu.com
Mail: hokutokaihatu@ares.eonet.ne.jp"
275,"有限会社　ホクト開発
長浜店
代表者: 平居　慎一","〒526-0033
長浜市平方町３０５
TEL: 0749-50-8725"
276,"有限会社　ボンド
代表者: 古西　美幸","〒520-0031
大津市尾花川７－４
TEL: 077-527-0468"
277,"マコト建設　株式会社
代表者: 石原　信夫","〒523-0011
近江八幡市友定町３２０－１
TEL: 0748-36-3066"
278,"マコトホーム　株式会社
代表者: 牧口　宜利","〒520-3026
栗東市下鈎846番地18
TEL: 077-599-0090"
279,"マコトホーム　株式会社
草津店
代表者: 牧口　宜利","〒525-0066
草津市矢橋町156番地1
TEL: 077-569-5866"
280,"株式会社　まごころ住宅
彦根支店
代表者: 藤村　典久","〒522-0042
彦根市戸賀町153-4
TEL: 0749-27-3311"
281,"株式会社　まごころ住宅
八日市支店
代表者: 藤村　典久","〒527-0027
東近江市栄町6-17-1
TEL: 0748-20-6100"
282,"松井建設　株式会社
代表者: 松井　公明","〒520-0515
大津市八屋戸５８０
TEL: 077-592-0123"
283,"マハロ不動産　株式会社
代表者: 内貴　浩二","〒525-0059
草津市野路１丁目4番15号ｾﾝｼﾌﾞﾙBLDGZEN4-B
TEL: 077-561-0030"
284,"マルケイ商事
代表者: 山田　雅經","〒526-0003
長浜市泉町１４９３
TEL: 0749-64-1247"
285,"ミトヨ住宅産業　株式会社
代表者: 堀口　誓雄","〒528-0027
甲賀市水口町城内２－７
TEL: 0748-63-0034"
286,"港屋ハウジング　株式会社
代表者: 谷口　正樹","〒521-1125
彦根市稲枝町１４番地
TEL: 0749-43-3372"
287,"有限会社　みのり不動産
代表者: 平塚　和彦","〒522-0064
彦根市本町１丁目9番22号
TEL: 0749-49-3733"
288,"未来住宅　株式会社
代表者: 田尾　公彦","〒520-2144
大津市大萱６丁目1番19号
TEL: 077-543-5022"
289,"株式会社　未来図
代表者: 田中　陽多","〒524-0014
守山市石田町406番地10
TEL: 077-584-2444
HP: www.big-advance.site/s/171/1246
Mail: y.tanaka@oboe.ocn.ne.jp"
290,"みらいず　株式会社
代表者: 久保山　智","〒529-1444
東近江市五個荘石塚町5番地1
TEL: 0748-29-3596"
291,"株式会社　ミライズホーム
代表者: 中村　文孝","〒520-2153
大津市一里山４丁目１６番１０号シャンポール一里山２ーC
TEL: 077-526-7520"
292,"株式会社　村忠不動産販売
代表者: 村田　雅幸","〒520-2141
大津市大江５丁目１４番１３号
TEL: 077-544-6000"
293,"株式会社　ＭＯＶタウン
代表者: 谷口　弘和","〒520-0057
大津市御幸町1番56号
TEL: 077-548-8082"
294,"有限会社　桃栗柿屋
代表者: 野々村　新治","〒527-0042
東近江市外町1381-3
TEL: 0748-24-9225"
295,"モリツグ不動産
代表者: 盛次　啓幸","〒524-0012
守山市播磨田町３８７番地１ー３階
TEL: 077-514-1700"
296,"株式会社　森常
代表者: 森口　彰","〒520-2141
大津市大江２丁目３０－４
TEL: 077-545-4381
HP: https://www.moritsune.net
Mail: info@moritsune.net"
297,"株式会社　モンキーエステート
代表者: 岡田　紘弥","〒520-1214
高島市安曇川町末広４丁目１７番地
TEL: 0740-20-5252
Mail: info@monkey-estate.com"
298,"株式会社　やそはち不動産
代表者: 吉田　壮論","〒525-0055
草津市野路町２４２９番地８
TEL: 077-509-0933"
299,"株式会社　山庄
代表者: 中谷　典生","〒520-2141
大津市大江５丁目２５番１３号
TEL: 077-576-6577"
300,"株式会社　やまぜんホームズ
滋賀営業所
代表者: 前野　一馬","〒520-3221
湖南市三雲２２０番地
TEL: 0748-72-7575"
301,"ヤマモト
代表者: 山本　健次","〒525-0041
草津市青地町１１３－６
TEL: 0775-65-0073"
302,"山本不動産
代表者: 山本　忠晴","〒520-3026
栗東市下鈎１０５２－２
TEL: 077-552-6678"
303,"やわらぎ住宅　株式会社
代表者: 白尾　將","〒523-0896
近江八幡市鷹飼町北４丁目5番地1
TEL: 0748-31-3575"
304,"株式会社　ユーレベン
代表者: 佐野　浩幸","〒520-3004
栗東市上砥山3004番地
TEL: 077-598-1950"
305,"株式会社　ユアーズ・コーポレーション
代表者: 上島　大祐","〒522-0041
彦根市平田町２９２ー６ユアーズビル２階ー２
TEL: 0749-26-8000
HP: http://www.yours-corp.net/
Mail: info@yours-corp.net"
306,"ゆうあい建設　株式会社
代表者: 中瀬　誠","〒525-0005
草津市志那町７３３－５
TEL: 077-568-2778"
307,"株式会社　ＵＮＩ
代表者: 松本　真歩","〒520-0523
大津市和邇南浜２９ー１
TEL: 050-3717-6262"
308,"有限会社　吉田安
代表者: 吉田　安蔵","〒520-0025
大津市皇子が丘２丁目９番２１号
TEL: 0775-26-3243"
309,"株式会社　吉田八十八本店
代表者: 吉田　壮論","〒525-0055
草津市野路町664番地12
TEL: 077-596-5428"
310,"ライアート　株式会社
代表者: 中村　光志","〒527-0017
東近江市昭和町3-30
TEL: 0748-20-3718"
311,"ライアート　株式会社
彦根支店
代表者: 中村　光志","〒522-0086
彦根市後三条町590番地8
TEL: 0749-30-9791"
312,"ライパーセル　株式会社
代表者: 中村　光志","〒522-0086
彦根市後三条町２８８番地
TEL: 0749-47-5635"
313,"株式会社　ライフアドバンス
代表者: 奥田　幸三","〒525-0023
草津市平井１丁目4番13号
TEL: 077-566-6500"
314,"株式会社　ライフエステート
代表者: 北川　陽一郎","〒522-0056
彦根市開出今町1488番地47
TEL: 0749-24-8810"
315,"株式会社　ライフエモーション
代表者: 上野　静","〒520-0059
草津市野路１丁目１２－１１－１０４アメニテイ南草津
TEL: 077-567-7177"
316,"株式会社　ライフスクエア
代表者: 三浦　海福","〒522-0008
彦根市安清東町95番地（1409号）
TEL: 0749-20-9391"
317,"樂伸　株式会社
代表者: 竹内　伸吉","〒520-3333
甲賀市甲南町希望ケ丘３丁目21番地3
TEL: 0748-60-2859"
318,"楽土地
代表者: 北浦　博","〒529-1622
蒲生郡日野町大字北畑７６４
TEL: 0748-53-3930"
319,"株式会社　ラサハウジング
代表者: 角井　康啓","〒520-3247
湖南市菩提寺東２丁目３－３
TEL: 0748-74-0050"
320,"ラフィナータ　株式会社
代表者: 山田　幸秀","〒525-0028
草津市上笠４丁目２１－５－１号
TEL: 077-532-9237
HP: http://raffinata.co.jp
Mail: info@raffinata.co.jp"
321,"株式会社　ラポルタ
代表者: 平山　斗学","〒522-0041
彦根市平田町１３４番地１タウンビル１Ｄ
TEL: 0749-49-3525"
322,"Ｒａｍｐ
代表者: 清水　佑一","〒525-0023
草津市平井１丁目１４―１ジョイフル草津５０６
TEL: 077-564-6611"
323,"琉誓トラスト　株式会社
代表者: 津田　啓吾","〒524-0036
守山市伊勢町３８３番地５
TEL: 077-598-0726"
324,"株式会社　栗東ハウジング
代表者: 岡田　学","〒520-3024
栗東市小柿５丁目１１－３－１
TEL: 077-553-4466"
325,"リーガルトラスト
代表者: 羽田　慎二","〒520-0802
大津市馬場１丁目10番6号
TEL: 077-521-1778"
326,"合同会社　リーガル不動産
代表者: 横田　聡","〒520-0831
大津市松原町１２番１３号
TEL: 077-572-5720"
327,"株式会社　Ｒｅａｌ
代表者: 津田　啓吾","〒524-0021
守山市吉身２丁目４番１２号
TEL: 077-532-4060"
328,"株式会社　Ｒｅａｌ
草津店
代表者: 津田　啓吾","〒525-0027
草津市野村１丁目１８番１０号１階
TEL: 077-596-5800"
329,"株式会社　リアルエステートプラス
代表者: 吉川　幸利","〒524-0041
守山市勝部１丁目16-35守山アーバンライフ105
TEL: 077-514-0789"
330,"株式会社　リアルエステートプラス
ホームズNavi近江八幡店
代表者: 吉川　幸利","〒523-0896
近江八幡市鷹飼町北３丁目7-8ｽﾋﾟｶ21-102
TEL: 0748-32-0003"
331,"株式会社　リアルエステートプラス
ホームズNavi　草津店
代表者: 吉川　幸利","〒525-0027
草津市野村５丁目４－８
TEL: 077-596-3755"
332,"株式会社　Ｒｅａｌｔｏｒ　Ｓｏｌｕｔｉｏｎｓ
代表者: 内山　義之","〒525-0050
草津市南草津２丁目1-7ラクーンビル1Ｆ
TEL: 077-598-6610"
333,"株式会社　リヴァイズホームｉ
代表者: 安藤　哲也","〒522-0341
犬上郡多賀町大字多賀1637-1リヴァイズビル1Ｆ
TEL: 0749-49-3715"
334,"株式会社　リネージュ
代表者: 吉岡　裕之","〒520-0812
大津市木下町18番8号タマキビル1Ｆ
TEL: 077-523-0101"
335,"株式会社　リノベーションホーム
代表者: 山下　敏史","〒528-0211
甲賀市土山町北土山2263-6
TEL: 0748-60-8880"
336,"株式会社　リバー
代表者: 坂田　純一","〒520-2134
大津市瀬田５丁目１３番２５号
TEL: 077-547-0357"
337,"株式会社　リビング・ワイズ
代表者: 吉川　寧司","〒522-0086
彦根市後三条町３２６－６プレジデンス・ミグリ１階
TEL: 0749-26-2401"
338,"有限会社　リブハウス工房
代表者: 長谷川　治之","〒520-2144
大津市大萱６丁目5番4号
TEL: 077-544-6440"
339,"株式会社　リライアブルハウス
代表者: 上野　靖晃","〒520-3248
湖南市菩提寺西１丁目9番24号
TEL: 0748-74-3088"
340,"株式会社　ルームズ
代表者: 園田　真樹","〒520-3035
栗東市霊仙寺１丁目２－１９
TEL: 077-554-1010"
341,"株式会社　レック
代表者: 石澤　正義","〒525-0059
草津市野路５丁目１２－１８
TEL: 077-563-1122"
342,"株式会社　レック
南草津駅前店
代表者: 石澤　正義","〒525-0059
草津市野路１丁目１４－４６
TEL: 077-566-1001"
343,"株式会社　レック
イオンモール草津店
代表者: 石澤　正義","〒525-0067
草津市新浜町３００　イオンモ－ル草津１３９
TEL: 077-566-1771"
344,"株式会社　レイクランド
代表者: 塚本　健之","〒523-0041
近江八幡市中小森町３２７－５
TEL: 0748-33-2272"
345,"株式会社　レオコーポレーション
代表者: 大佐古　智子","〒520-2153
大津市一里山４丁目16-10シャンポール一里山3-Ｂ
TEL: 077-572-8809"
346,"株式会社　ＬＥＧＡＲＥ
代表者: 籏瀨　英生","〒524-0046
守山市今宿４丁目1番26号
TEL: 077-599-0072"
347,"株式会社　蓮葉
代表者: 栢木　進","〒520-3037
栗東市北中小路２９－１１
TEL: 077-552-6378"
348,"株式会社　ワイ・エス・メディア
代表者: 佐藤　陽司","〒520-2333
野洲市栄３４番１５号
TEL: 077-587-0240
HP: https://yasu-housedo.com/
Mail: housedo-yasu@office.eonet.ne.jp"
349,"ＹＫエステート　株式会社
代表者: 駒井　一男","〒520-0105
大津市下阪本５丁目８番１８号２０１
TEL: 077-572-5638"
350,"Ｙ・Ｋ開発
代表者: 鍔田　喜一","〒521-0016
米原市下多良２丁目79
TEL: 0749-52-2000"
351,"株式会社　ｙ’ｓホーム
代表者: 児玉　洋子","〒520-0232
大津市真野１丁目８－１０
TEL: 077-532-3355"
